player,position,Fantasy Points,FP deviation,Floor,Ceiling,Geometric mean,Median
Patriots,DST,12.48,5.09,2.3,22.66,11.6,12.0
Vikings,DST,12.04,5.67,0.69,23.39,10.87,9.3
Cardinals,DST,11.28,6.4,-1.52,24.07,9.76,9.0
Panthers,DST,11.05,3.19,4.67,17.43,10.61,10.45
Eagles,DST,9.46,3.33,2.8,16.12,9.0,7.8
Redskins,DST,9.44,6.38,-3.32,22.2,7.96,6.5
Broncos,DST,9.44,2.37,4.7,14.18,9.19,9.0
49ers,DST,9.28,7.71,-6.14,24.69,6.59,6.2
Packers,DST,8.78,2.76,3.26,14.3,8.41,7.7
Steelers,DST,8.48,2.52,3.43,13.53,8.14,8.1
Bengals,DST,8.4,3.86,0.68,16.12,7.74,6.5
Lions,DST,8.22,3.95,0.33,16.11,7.52,6.7
Ravens,DST,8.2,4.1,-0.0,16.4,7.38,6.4
Texans,DST,8.18,3.02,2.14,14.22,7.73,7.2
Raiders,DST,8.02,4.08,-0.14,16.18,7.24,6.5
Bills,DST,8.0,4.08,-0.17,16.17,7.23,6.4
Colts,DST,7.94,3.65,0.64,15.24,7.3,6.2
Buccaneers,DST,7.8,3.76,0.27,15.33,7.03,6.35
Bears,DST,7.7,4.25,-0.8,16.2,6.83,6.3
Jets,DST,7.58,3.53,0.51,14.65,6.84,6.5
Chargers,DST,7.3,3.91,-0.53,15.13,6.55,5.1
Dolphins,DST,7.04,3.74,-0.45,14.53,6.24,5.3
Giants,DST,6.92,3.72,-0.53,14.37,6.14,5.7
Falcons,DST,6.84,3.74,-0.63,14.31,6.05,5.8
Titans,DST,6.78,3.82,-0.85,14.41,5.92,5.4
Cowboys,DST,6.5,3.77,-1.04,14.04,5.75,4.4
Browns,DST,5.16,4.49,-3.81,14.13,5.95,4.7
Cam Newton,QB,22.4,2.19,18.02,26.77,22.29,23.27
Aaron Rodgers,QB,21.4,2.75,15.9,26.9,21.23,21.46
Ben Roethlisberger,QB,21.11,2.36,16.38,25.83,20.97,21.88
Andrew Luck,QB,20.76,0.47,19.81,21.71,20.76,20.85
Tom Brady,QB,20.32,1.13,18.06,22.58,20.29,20.49
Derek Carr,QB,20.0,2.13,15.74,24.26,19.9,19.0
Philip Rivers,QB,19.05,3.91,11.22,26.88,18.69,17.99
Matthew Stafford,QB,18.33,2.76,12.8,23.86,18.13,17.54
Joe Flacco,QB,17.52,1.71,14.1,20.95,17.44,17.26
Matt Ryan,QB,17.37,5.38,6.6,28.13,16.72,15.99
Ryan Fitzpatrick,QB,17.24,2.09,13.06,21.41,17.11,17.7
Ryan Tannehill,QB,16.99,2.0,12.99,20.99,16.87,17.0
Eli Manning,QB,16.72,2.67,11.39,22.06,16.54,15.57
Jameis Winston,QB,16.55,1.47,13.61,19.48,16.48,17.08
Tyrod Taylor,QB,16.53,1.87,12.79,20.27,16.43,15.84
Andy Dalton,QB,16.5,1.86,12.78,20.23,16.39,17.02
Marcus Mariota,QB,16.31,1.68,12.95,19.67,16.22,16.25
Carson Wentz,QB,16.23,2.52,11.19,21.27,16.01,16.77
Kirk Cousins,QB,16.08,1.39,13.3,18.85,16.02,16.2
Carson Palmer,QB,15.25,8.33,-1.41,31.92,16.64,16.39
Blaine Gabbert,QB,14.75,1.82,11.12,18.38,14.64,14.25
Dak Prescott,QB,14.39,0.72,12.95,15.84,14.38,14.3
Brock Osweiler,QB,13.81,1.19,11.44,16.19,13.76,13.98
Trevor Siemian,QB,13.75,4.13,5.48,22.01,12.91,14.38
Sam Bradford,QB,12.59,0.79,11.02,14.16,12.56,13.01
Cody Kessler,QB,12.12,1.48,9.16,15.07,12.02,12.67
Brian Hoyer,QB,10.55,6.33,-2.11,23.21,11.3,13.32
Case Keenum,QB,10.3,2.44,5.42,15.18,9.89,11.37
Paxton Lynch,QB,4.95,5.28,-5.61,15.5,2.47,3.02
Colin Kaepernick,QB,4.79,8.5,-12.22,21.8,1.51,0.76
Jimmy Garoppolo,QB,3.36,6.47,-9.57,16.3,0.48,0.1
Drew Stanton,QB,3.26,5.15,-7.03,13.56,1.3,0.24
Geno Smith,QB,3.24,4.54,-5.84,12.33,1.14,0.35
Shaun Hill,QB,2.64,5.0,-7.35,12.64,0.53,0.17
Derek Anderson,QB,1.51,2.1,-2.69,5.71,0.5,0.06
Mark Sanchez,QB,0.83,0.88,-0.92,2.59,0.67,0.36
Colt McCoy,QB,0.66,1.12,-1.57,2.89,0.29,0.12
AJ McCarron,QB,0.49,0.72,-0.96,1.94,0.29,0.14
Matt McGloin,QB,0.48,0.76,-1.03,2.0,0.22,0.12
Mike Glennon,QB,0.46,0.65,-0.85,1.77,0.3,0.16
Landry Jones,QB,0.43,0.45,-0.48,1.34,0.31,0.34
Dan Orlovsky,QB,0.38,0.54,-0.71,1.46,0.19,0.1
Tom Savage,QB,0.34,0.49,-0.64,1.32,0.16,0.1
Matt Cassel,QB,0.34,0.41,-0.49,1.16,0.26,0.14
Scott Tolzien,QB,0.28,0.35,-0.43,0.99,0.13,0.11
Ryan Mallett,QB,0.25,0.23,-0.2,0.71,0.25,0.15
E.J. Manuel,QB,0.21,0.14,-0.07,0.49,0.17,0.17
Jared Goff,QB,0.19,0.15,-0.11,0.49,0.21,0.19
Kellen Clemens,QB,0.17,0.24,-0.32,0.66,0.08,0.08
Joe Callahan,QB,0.12,0.22,-0.31,0.56,0.5,0.0
Brett Hundley,QB,0.11,0.16,-0.21,0.43,0.05,0.01
Sean Mannion,QB,0.11,0.15,-0.19,0.4,0.24,0.0
Matt Moore,QB,0.1,0.12,-0.13,0.34,0.07,0.07
Chad Henne,QB,0.09,0.15,-0.21,0.39,0.35,0.0
Charlie Whitehurst,QB,0.09,0.12,-0.16,0.33,0.05,0.0
Chase Daniel,QB,0.07,0.09,-0.12,0.26,0.07,0.02
Jacoby Brissett,QB,0.05,0.07,-0.09,0.2,0.13,0.0
Matt Barkley,QB,0.04,0.07,-0.09,0.18,0.04,0.01
Zach Mettenberger,QB,0.03,0.06,-0.09,0.15,0.15,0.0
Bryce Petty,QB,0.0,0.01,-0.01,0.02,0.02,0.0
Austin Davis,QB,0.0,0.0,-0.0,0.0,0.0,0.0
Josh Johnson,QB,0.0,0.0,0.0,0.0,,0.0
Cardale Jones,QB,0.0,0.0,0.0,0.0,,0.0
Matt Simms,QB,0.0,0.0,0.0,0.0,,0.0
Jeff Driskel,QB,0.0,0.0,0.0,0.0,,0.0
Alex Tanney,QB,0.0,0.0,0.0,0.0,,0.0
Christian Ponder,QB,0.0,0.0,0.0,0.0,,0.0
Stephen Morris,QB,0.0,0.0,0.0,0.0,,0.0
Logan Thomas,QB,0.0,0.0,0.0,0.0,,0.0
David Fales,QB,0.0,0.0,0.0,0.0,,0.0
Jerrod Johnson,QB,0.0,0.0,0.0,0.0,,0.0
Christian Hackenberg,QB,0.0,0.0,0.0,0.0,,0.0
Connor Cook,QB,0.0,0.0,0.0,0.0,,0.0
Keith Wenning,QB,0.0,0.0,0.0,0.0,,0.0
Ryan Griffin,QB,0.0,0.0,0.0,0.0,,0.0
Brandon Weeden,QB,0.0,0.0,0.0,0.0,,0.0
Ryan Nassib,QB,-0.01,0.45,-0.9,0.88,0.12,0.02
Matt Schaub,QB,-0.14,0.35,-0.85,0.57,0.09,0.0
LeVeon Bell,RB,19.13,2.38,14.38,23.88,18.98,18.84
David Johnson,RB,18.91,2.14,14.64,23.19,18.79,19.1
Todd Gurley,RB,17.0,2.23,12.55,21.46,16.85,17.31
Melvin Gordon,RB,16.18,3.43,9.33,23.04,15.82,15.63
LeGarrette Blount,RB,15.23,4.94,5.34,25.12,14.58,14.11
DeMarco Murray,RB,15.04,3.7,7.65,22.44,14.51,15.95
Matt Forte,RB,14.6,4.04,6.52,22.69,13.99,14.78
Ezekiel Elliott,RB,14.3,0.61,13.08,15.51,14.28,14.5
Lamar Miller,RB,14.21,2.77,8.66,19.75,13.87,14.9
Frank Gore,RB,13.94,2.03,9.87,18.0,13.78,14.2
Eddie Lacy,RB,13.7,1.47,10.75,16.65,13.63,13.0
LeSean McCoy,RB,13.41,2.55,8.31,18.51,13.15,14.17
Giovani Bernard,RB,12.98,4.48,4.01,21.94,12.11,12.32
C.J. Anderson,RB,12.87,5.5,1.88,23.87,14.91,15.21
Jordan Howard,RB,12.66,5.2,2.27,23.06,11.07,14.43
Devonta Freeman,RB,12.65,1.8,9.06,16.24,12.51,13.1
Theo Riddick,RB,12.63,1.8,9.02,16.24,12.49,12.67
Charles Sims,RB,12.53,3.2,6.14,18.92,12.12,13.62
Latavius Murray,RB,12.16,0.65,10.86,13.47,12.15,12.33
Carlos Hyde,RB,12.01,2.24,7.53,16.49,11.78,12.5
Rashad Jennings,RB,10.93,1.91,7.12,14.74,10.76,10.6
Terrance West,RB,10.5,2.32,5.86,15.15,10.22,11.14
Jerick McKinnon,RB,10.19,3.55,3.09,17.29,9.51,12.18
Ryan Mathews,RB,9.97,2.85,4.28,15.66,9.5,9.89
Isaiah Crowell,RB,9.87,1.84,6.18,13.55,9.7,9.39
Bilal Powell,RB,9.72,4.45,0.82,18.63,8.93,9.71
Duke Johnson,RB,9.68,2.95,3.77,15.59,9.1,10.0
Matt Jones,RB,9.41,1.28,6.84,11.98,9.32,9.64
Jeremy Hill,RB,9.33,1.76,5.81,12.84,9.15,10.02
Josh Ferguson,RB,7.97,3.67,0.63,15.3,7.3,6.21
Darren Sproles,RB,7.95,2.23,3.5,12.41,7.58,8.22
James White,RB,7.72,2.48,2.77,12.67,7.21,8.92
Jay Ajayi,RB,7.39,3.05,1.3,13.49,6.7,6.59
DeAndre Washington,RB,7.04,1.51,4.03,10.05,6.87,7.33
Tevin Coleman,RB,7.04,1.3,4.45,9.63,6.91,7.06
DeAngelo Williams,RB,7.0,3.39,0.21,13.79,6.25,5.43
Kenneth Dixon,RB,6.34,3.34,-0.34,13.01,7.83,6.82
James Starks,RB,6.31,3.0,0.32,12.3,7.17,7.18
Chris Thompson,RB,6.25,1.87,2.5,10.0,5.95,6.1
Derrick Henry,RB,6.11,1.96,2.19,10.03,5.67,6.63
Cameron Artis-Payne,RB,5.98,2.88,0.22,11.75,5.17,6.28
Matt Asiata,RB,5.58,2.72,0.14,11.01,4.62,6.33
Devontae Booker,RB,5.37,1.64,2.08,8.65,5.04,5.59
Shaun Draughn,RB,5.3,2.11,1.08,9.52,4.75,5.53
Jalen Richard,RB,5.23,3.13,-1.04,11.5,4.05,5.88
Dwayne Washington,RB,5.12,2.13,0.86,9.38,4.7,3.93
Andre Ellington,RB,4.87,2.52,-0.17,9.91,4.14,4.13
Fozzy Whittaker,RB,4.79,3.64,-2.5,12.07,5.0,4.2
Kyle Juszczyk,RB,4.78,1.59,1.6,7.96,4.57,4.14
Benny Cunningham,RB,4.4,1.89,0.62,8.19,3.72,4.65
Jacquizz Rodgers,RB,4.29,1.14,2.01,6.57,4.11,4.22
Alfred Morris,RB,4.22,2.58,-0.93,9.37,3.67,3.44
KaDeem Carey,RB,4.12,1.5,1.12,7.13,3.79,4.52
Javorius Allen,RB,3.88,3.33,-2.78,10.55,2.45,3.55
Wendell Smallwood,RB,3.88,1.9,0.08,7.67,3.46,2.93
Dexter McCluster,RB,3.83,2.45,-1.07,8.73,4.47,3.18
Mike Gillislee,RB,3.73,0.98,1.77,5.68,3.58,3.88
Orleans Darkwa,RB,3.68,1.59,0.49,6.87,3.25,4.64
Lance Dunbar,RB,3.66,2.45,-1.24,8.56,2.9,2.51
Robert Turbin,RB,3.65,1.36,0.94,6.37,3.42,3.12
Mike Tolbert,RB,3.48,0.91,1.66,5.3,3.32,3.69
Justin Forsett,RB,3.28,5.69,-8.09,14.66,13.14,0.0
Brandon Bolden,RB,3.11,2.73,-2.34,8.57,2.83,1.86
Kenyan Drake,RB,2.89,2.11,-1.33,7.1,1.29,2.62
Bobby Rainey,RB,2.86,2.68,-2.51,8.22,1.62,2.77
Joique Bell,RB,2.8,1.59,-0.38,5.97,3.4,2.91
Paul Perkins,RB,2.72,2.63,-2.55,7.98,2.22,1.42
Alfred Blue,RB,2.65,0.91,0.83,4.46,2.51,2.32
Jamize Olawale,RB,2.6,2.21,-1.83,7.02,1.3,2.07
Rob Kelley,RB,1.87,2.22,-2.57,6.31,1.04,1.0
Kenjon Barner,RB,1.85,1.22,-0.59,4.29,1.09,2.39
Ronnie Hillman,RB,1.73,1.39,-1.04,4.5,1.24,1.25
Damien Williams,RB,1.54,1.57,-1.59,4.67,1.55,1.32
Kenneth Farrow,RB,1.48,0.73,0.03,2.93,1.18,1.48
Reggie Bush,RB,1.39,2.16,-2.93,5.71,1.79,0.26
Antonio Andrews,RB,1.19,1.7,-2.22,4.6,0.79,0.48
Zach Zenner,RB,1.06,0.96,-0.86,2.98,0.98,0.98
Taiwan Jones,RB,0.99,1.3,-1.61,3.59,0.32,0.3
Tyler Ervin,RB,0.99,0.51,-0.04,2.01,0.67,1.1
Mike Davis,RB,0.99,0.9,-0.81,2.78,0.67,0.67
Andy Janovich,RB,0.95,1.13,-1.31,3.21,0.36,0.5
Stepfan Taylor,RB,0.75,0.95,-1.14,2.65,0.51,0.18
Fitzgerald Toussaint,RB,0.74,0.96,-1.19,2.67,0.43,0.44
Malcolm Johnson,RB,0.73,0.34,0.06,1.41,0.65,0.74
Patrick DiMarco,RB,0.72,0.32,0.07,1.37,0.66,0.59
Peyton Barber,RB,0.69,0.28,0.13,1.25,0.63,0.64
Jonathan Williams,RB,0.63,0.29,0.04,1.22,0.58,0.51
Jordan Todman,RB,0.63,0.71,-0.79,2.05,0.6,0.34
James Develin,RB,0.55,0.69,-0.83,1.93,0.41,0.24
Isaiah Pead,RB,0.55,0.83,-1.1,2.2,0.66,0.11
Zach Line,RB,0.52,0.54,-0.55,1.59,0.29,0.35
Troymaine Pope,RB,0.46,0.51,-0.55,1.48,0.16,0.27
Jalston Fowler,RB,0.41,0.43,-0.44,1.26,0.39,0.25
Rex Burkhead,RB,0.32,0.52,-0.72,1.35,0.17,0.1
Aaron Ripkowski,RB,0.25,0.33,-0.4,0.9,0.11,0.1
Jay Prosch,RB,0.19,0.16,-0.13,0.52,0.21,0.16
Jerome Felton,RB,0.18,0.16,-0.15,0.5,0.28,0.2
Michael Burton,RB,0.15,0.11,-0.06,0.36,0.19,0.15
Darius Jackson,RB,0.12,0.2,-0.27,0.51,0.12,0.02
George Atkinson,RB,0.12,0.22,-0.32,0.56,0.09,0.01
Daryl Richardson,RB,0.11,0.19,-0.26,0.48,0.43,0.0
Raheem Mostert,RB,0.1,0.14,-0.18,0.38,0.3,0.0
Roosevelt Nix,RB,0.06,0.07,-0.08,0.2,0.06,0.02
Dri Archer,RB,0.01,0.01,-0.02,0.03,0.03,0.0
Chase Reynolds,RB,0.0,0.0,-0.01,0.01,0.01,0.0
Marshaun Coprich,RB,0.0,0.0,0.0,0.0,,0.0
Gus Johnson,RB,0.0,0.0,0.0,0.0,,0.0
Brandon Wegher,RB,0.0,0.0,0.0,0.0,,0.0
DuJuan Harris,RB,0.0,0.0,0.0,0.0,,0.0
Khiry Robinson,RB,0.0,0.0,0.0,0.0,,0.0
Rod Smith,RB,0.0,0.0,0.0,0.0,,0.0
Andre Williams,RB,0.0,0.0,0.0,0.0,,0.0
Bishop Sankey,RB,0.0,0.0,0.0,0.0,,0.0
Dan Herron,RB,0.0,0.0,0.0,0.0,,0.0
Kerwynn Williams,RB,0.0,0.0,0.0,0.0,,0.0
Stevan Ridley,RB,0.0,0.0,0.0,0.0,,0.0
Joey Iosefa,RB,0.0,0.0,0.0,0.0,,0.0
Tommy Bohanon,RB,0.0,0.0,0.0,0.0,,0.0
David Cobb,RB,0.0,0.0,0.0,0.0,,0.0
Antone Smith,RB,0.0,0.0,0.0,0.0,,0.0
George Winn,RB,0.0,0.0,0.0,0.0,,0.0
Marcel Reece,RB,0.0,0.0,0.0,0.0,,0.0
Juwan Thompson,RB,0.0,0.0,0.0,0.0,,0.0
Greg Olsen,TE,14.43,1.96,10.51,18.35,14.31,13.91
Jordan Reed,TE,12.55,3.06,6.43,18.67,12.09,13.2
Rob Gronkowski,TE,12.2,4.42,3.35,21.05,10.91,13.77
Jason Witten,TE,11.1,3.24,4.61,17.58,10.73,10.24
Martellus Bennett,TE,10.82,1.52,7.78,13.86,10.72,10.42
Antonio Gates,TE,10.76,5.47,-0.18,21.7,9.38,10.03
Delanie Walker,TE,10.2,3.08,4.05,16.36,9.66,11.19
Kyle Rudolph,TE,9.33,1.26,6.8,11.86,9.24,9.64
Zach Ertz,TE,9.28,3.01,3.26,15.3,8.63,11.32
Eric Ebron,TE,9.22,1.66,5.91,12.53,9.04,9.65
Cameron Brate,TE,8.8,0.91,6.99,10.61,8.76,8.7
Zach Miller,TE,8.78,1.04,6.71,10.85,8.72,8.84
Gary Barnidge,TE,8.77,4.21,0.34,17.2,5.65,9.23
Clive Walford,TE,8.61,0.5,7.6,9.62,8.6,8.39
Jesse James,TE,7.82,1.37,5.08,10.55,7.67,8.16
Dennis Pitta,TE,7.76,4.02,-0.28,15.8,5.81,9.5
Charles Clay,TE,7.75,2.21,3.33,12.18,7.34,7.94
Tyler Eifert,TE,7.72,3.63,0.46,14.98,9.18,8.97
Hunter Henry,TE,7.16,3.08,1.0,13.31,6.36,7.78
Jacob Tamme,TE,7.07,1.97,3.13,11.0,6.74,7.3
Dwayne Allen,TE,6.69,3.05,0.58,12.8,7.64,7.7
Virgil Green,TE,6.64,1.43,3.78,9.49,6.44,6.86
Will Tye,TE,6.38,1.52,3.34,9.41,6.22,6.02
Jack Doyle,TE,6.18,2.38,1.42,10.95,5.52,7.2
Lance Kendricks,TE,5.84,1.9,2.03,9.64,5.42,6.12
Garrett Celek,TE,5.54,1.74,2.05,9.02,5.27,5.09
Vance McDonald,TE,5.22,2.18,0.85,9.58,4.66,6.63
Larry Donnell,TE,5.17,2.71,-0.25,10.59,6.01,5.67
Brent Celek,TE,4.72,4.72,-4.73,14.17,2.47,3.47
Dion Sims,TE,4.7,2.04,0.62,8.79,4.26,4.54
Ryan Griffin,TE,4.58,2.39,-0.2,9.37,5.07,4.95
Darren Fells,TE,4.35,1.98,0.39,8.3,3.9,3.69
Austin Seferian-Jenkins,TE,4.25,3.63,-3.01,11.5,6.94,5.33
Trey Burton,TE,4.19,1.75,0.7,7.69,3.91,3.3
Crockett Gillmore,TE,3.86,2.22,-0.58,8.29,3.33,3.33
Vernon Davis,TE,2.8,1.16,0.47,5.13,2.48,2.79
Jermaine Gresham,TE,2.71,1.08,0.56,4.86,2.46,2.73
Ed Dickson,TE,2.61,1.18,0.26,4.96,2.32,2.62
John Phillips,TE,2.56,2.24,-1.92,7.03,1.7,1.34
Mychal Rivera,TE,2.45,2.08,-1.71,6.6,1.51,2.16
Tyler Kroft,TE,2.42,2.68,-2.93,7.78,1.04,0.6
Austin Hooper,TE,2.41,0.65,1.1,3.71,2.3,2.54
Jeff Heuerman,TE,2.38,2.48,-2.58,7.35,1.18,1.56
C.J. Uzomah,TE,2.36,1.33,-0.29,5.01,1.69,2.74
C.J. Fiedorowicz,TE,2.29,1.63,-0.97,5.55,1.83,1.54
Xavier Grimble,TE,2.23,2.48,-2.73,7.19,1.87,0.99
Brandon Myers,TE,1.98,1.39,-0.8,4.76,1.44,1.78
Tyler Higbee,TE,1.77,1.61,-1.44,4.99,1.13,1.24
Jace Amaro,TE,1.56,1.41,-1.27,4.38,1.49,1.4
Geoff Swaim,TE,1.45,1.31,-1.17,4.08,1.37,1.16
Levine Toilolo,TE,1.4,1.45,-1.5,4.3,0.63,0.89
Stephen Anderson,TE,1.39,1.24,-1.08,3.87,0.83,0.99
MarQueis Gray,TE,1.29,1.2,-1.11,3.69,0.69,0.56
Kellen Davis,TE,1.23,0.78,-0.34,2.79,0.64,1.43
MyCole Pruitt,TE,1.17,0.91,-0.65,2.99,1.24,0.84
Maxx Williams,TE,1.1,0.91,-0.71,2.92,0.77,0.8
Luke Stocker,TE,1.04,1.15,-1.27,3.35,0.32,0.58
Gavin Escobar,TE,0.98,0.83,-0.68,2.64,0.46,0.76
Blake Bell,TE,0.97,0.6,-0.23,2.16,0.76,0.93
Anthony Fasano,TE,0.91,0.8,-0.68,2.5,0.51,0.66
Rhett Ellison,TE,0.83,0.61,-0.39,2.04,0.47,0.65
Logan Paulsen,TE,0.82,0.79,-0.75,2.39,0.83,0.62
Brandon Bostick,TE,0.66,0.79,-0.93,2.25,0.37,0.2
Sean McGrath,TE,0.64,0.9,-1.15,2.44,0.93,0.2
Cole Wick,TE,0.62,0.4,-0.18,1.42,0.66,0.6
Nick OLeary,TE,0.53,0.69,-0.84,1.91,0.21,0.42
David Johnson,TE,0.46,0.25,-0.03,0.95,0.39,0.52
Clay Harbor,TE,0.43,0.38,-0.33,1.18,0.47,0.35
Andrew Quarless,TE,0.39,0.55,-0.71,1.48,1.16,0.0
Phillip Supernaw,TE,0.38,0.42,-0.46,1.22,0.54,0.3
David Morgan,TE,0.3,0.17,-0.05,0.64,0.39,0.39
Cory Harkey,TE,0.26,0.19,-0.12,0.64,0.18,0.23
Jim Dray,TE,0.26,0.29,-0.32,0.84,0.48,0.16
Jerell Adams,TE,0.21,0.21,-0.21,0.63,0.42,0.2
Temarrick Hemingway,TE,0.19,0.18,-0.17,0.54,0.29,0.15
Ben Braunecker,TE,0.15,0.26,-0.37,0.67,0.6,0.0
Ifeanyi Momah,TE,0.12,0.22,-0.31,0.56,0.5,0.0
Khari Lee,TE,0.12,0.16,-0.21,0.45,0.35,0.0
Orson Charles,TE,0.0,0.0,-0.01,0.01,0.01,0.0
Marcel Jensen,TE,0.0,0.0,0.0,0.0,,0.0
Asante Cleveland,TE,0.0,0.0,0.0,0.0,,0.0
Jerome Cunningham,TE,0.0,0.0,0.0,0.0,,0.0
Mitchell Henry,TE,0.0,0.0,0.0,0.0,,0.0
Brian Parker,TE,0.0,0.0,0.0,0.0,,0.0
Chase Coffman,TE,0.0,0.0,0.0,0.0,,0.0
Tony Moeaki,TE,0.0,0.0,0.0,0.0,,0.0
Rob Housler,TE,0.0,0.0,0.0,0.0,,0.0
Antonio Brown,WR,22.58,6.67,9.24,35.91,21.13,25.12
Julio Jones,WR,20.69,4.2,12.28,29.09,20.27,19.72
Jordy Nelson,WR,17.89,2.83,12.23,23.55,17.65,18.94
A.J. Green,WR,17.74,5.62,6.49,28.99,16.69,17.92
Odell Beckham,WR,17.02,1.89,13.23,20.81,16.91,17.34
Demaryius Thomas,WR,16.02,5.41,5.2,26.83,15.01,16.66
Jarvis Landry,WR,15.93,1.64,12.66,19.2,15.85,16.12
Brandon Marshall,WR,15.74,4.25,7.25,24.23,14.94,17.05
Mike Evans,WR,15.3,1.97,11.37,19.23,15.17,15.22
Jordan Matthews,WR,14.98,1.57,11.83,18.12,14.89,15.33
DeAndre Hopkins,WR,14.8,4.65,5.49,24.11,13.92,16.64
Alshon Jeffery,WR,14.78,1.74,11.31,18.25,14.68,15.31
T.Y. Hilton,WR,14.78,2.8,9.18,20.38,14.48,15.11
Marvin Jones,WR,14.46,1.91,10.64,18.27,14.33,14.22
Emmanuel Sanders,WR,14.42,1.87,10.69,18.16,14.31,13.87
Michael Crabtree,WR,14.29,1.73,10.82,17.75,14.18,14.42
Amari Cooper,WR,14.13,3.84,6.45,21.8,13.42,14.53
Larry Fitzgerald,WR,14.1,4.04,6.02,22.18,13.39,15.02
Kelvin Benjamin,WR,13.95,1.98,9.98,17.91,13.81,13.54
Julian Edelman,WR,13.58,3.33,6.93,20.23,13.0,14.52
Randall Cobb,WR,13.43,3.21,7.01,19.86,13.11,12.48
Stefon Diggs,WR,13.24,0.99,11.26,15.22,13.21,13.28
Steve Smith,WR,12.73,1.31,10.1,15.35,12.66,12.56
DeVante Parker,WR,12.55,1.89,8.77,16.32,12.4,12.33
Dez Bryant,WR,11.91,9.02,-6.13,29.96,15.7,14.18
Travis Benjamin,WR,11.61,2.9,5.81,17.41,11.15,13.05
John Brown,WR,11.3,3.19,4.92,17.68,10.74,12.58
DeSean Jackson,WR,11.2,2.75,5.7,16.7,10.73,11.77
Terrelle Pryor,WR,11.12,1.88,7.35,14.88,10.96,10.64
Victor Cruz,WR,11.01,6.74,-2.47,24.48,9.43,8.93
Sterling Shepard,WR,10.97,1.02,8.93,13.0,10.92,10.89
Phillip Dorsett,WR,10.95,1.98,6.98,14.91,10.76,11.38
Michael Floyd,WR,10.47,2.4,5.66,15.27,10.13,11.52
Torrey Smith,WR,10.32,1.72,6.87,13.77,10.18,9.76
Golden Tate,WR,10.2,2.96,4.29,16.12,9.63,10.54
Anquan Boldin,WR,9.78,0.65,8.48,11.08,9.76,9.64
Tavon Austin,WR,9.64,2.72,4.2,15.07,9.17,11.1
Will Fuller,WR,9.63,2.96,3.7,15.56,9.16,9.48
Kenny Stills,WR,9.38,1.2,6.99,11.78,9.31,9.46
Pierre Garcon,WR,9.29,2.46,4.38,14.21,8.85,9.98
Tyrell Williams,WR,9.23,3.9,1.42,17.04,7.7,11.01
Eddie Royal,WR,9.22,2.48,4.26,14.19,8.83,9.36
Cole Beasley,WR,9.16,2.18,4.79,13.53,8.79,10.23
Davante Adams,WR,9.06,1.02,7.03,11.1,9.01,8.94
Vincent Jackson,WR,8.9,1.8,5.3,12.49,8.73,8.14
Tajae Sharpe,WR,8.78,1.94,4.91,12.65,8.51,9.64
Mike Wallace,WR,8.78,2.47,3.85,13.71,8.3,10.04
Robert Woods,WR,8.73,2.38,3.97,13.49,8.32,10.04
Quincy Enunwa,WR,8.7,3.94,0.82,16.59,7.42,10.17
Ted Ginn,WR,8.34,2.14,4.06,12.61,8.04,9.2
Terrance Williams,WR,8.19,1.51,5.18,11.21,8.06,7.8
Rishard Matthews,WR,7.94,2.82,2.29,13.58,7.41,8.07
Jeremy Kerley,WR,7.9,3.52,0.86,14.94,6.68,8.77
Jamison Crowder,WR,7.86,2.66,2.53,13.18,7.32,8.6
Markus Wheaton,WR,7.8,2.62,2.56,13.03,7.31,7.68
Kenny Britt,WR,7.76,1.3,5.16,10.35,7.64,8.04
Seth Roberts,WR,7.67,0.76,6.16,9.19,7.64,7.62
Sammie Coates,WR,7.66,2.47,2.72,12.6,7.24,7.46
Mohamed Sanu,WR,7.57,1.87,3.84,11.3,7.26,8.12
Dontrelle Inman,WR,7.43,3.08,1.27,13.59,6.43,8.42
Quinton Patton,WR,7.27,1.32,4.62,9.92,7.16,7.15
Brandon LaFell,WR,7.23,2.1,3.02,11.43,6.91,7.08
Andrew Hawkins,WR,7.19,1.34,4.51,9.87,7.06,6.96
Danny Amendola,WR,7.07,3.94,-0.81,14.94,5.99,6.55
Nelson Agholor,WR,6.73,1.65,3.43,10.03,6.45,7.25
Chris Hogan,WR,6.54,1.9,2.73,10.35,6.21,7.06
Corey Brown,WR,6.53,2.28,1.96,11.09,5.97,6.96
Devin Funchess,WR,6.4,2.22,1.96,10.84,5.99,6.28
Tyler Boyd,WR,6.36,2.11,2.15,10.58,5.9,6.69
Adam Humphries,WR,6.31,2.12,2.07,10.55,5.96,5.87
Kamar Aiken,WR,6.0,2.81,0.39,11.61,5.42,4.68
Adam Thielen,WR,5.99,2.22,1.54,10.43,5.51,6.06
Robby Anderson,WR,5.54,3.47,-1.4,12.49,3.17,6.26
Dorial Green-Beckham,WR,5.34,1.24,2.87,7.81,5.16,5.84
Kendall Wright,WR,5.22,2.67,-0.11,10.56,3.56,5.86
Charles Johnson,WR,5.07,1.67,1.72,8.41,4.74,4.83
Brice Butler,WR,4.98,4.11,-3.24,13.2,3.29,2.76
Breshad Perriman,WR,4.86,2.24,0.39,9.34,4.19,5.65
Ricardo Louis,WR,4.72,3.16,-1.59,11.04,3.17,5.0
Walt Powell,WR,4.71,2.46,-0.21,9.63,2.98,5.6
Chester Rogers,WR,4.63,2.61,-0.58,9.84,5.63,5.11
Brian Quick,WR,4.37,1.89,0.58,8.15,3.93,4.31
Andre Johnson,WR,4.32,1.31,1.7,6.95,4.07,4.38
Marquise Goodwin,WR,4.24,2.29,-0.33,8.81,3.7,3.7
Bennie Fowler,WR,4.03,2.11,-0.18,8.24,3.32,4.01
Greg Salas,WR,3.91,2.8,-1.68,9.5,3.83,3.95
Justin Hardy,WR,3.76,1.93,-0.1,7.62,3.15,3.9
Jaelen Strong,WR,3.53,1.64,0.24,6.82,3.17,3.37
Cameron Meredith,WR,3.48,2.81,-2.14,9.11,1.85,3.16
Jaron Brown,WR,3.48,2.04,-0.61,7.57,2.78,3.2
Braxton Miller,WR,3.43,0.94,1.55,5.31,3.32,3.12
Darrius Heyward-Bey,WR,3.36,2.49,-1.62,8.35,2.48,3.16
Cody Latimer,WR,3.36,2.05,-0.74,7.45,2.79,2.51
Andre Holmes,WR,3.29,1.56,0.18,6.4,2.86,3.38
Laquon Treadwell,WR,3.19,2.19,-1.2,7.57,2.53,2.46
Malcolm Mitchell,WR,3.14,1.17,0.8,5.48,2.85,3.28
Josh Huff,WR,3.14,0.93,1.28,4.99,3.01,2.42
Harry Douglas,WR,3.03,2.31,-1.6,7.66,3.27,1.9
Jordan Norwood,WR,2.74,0.98,0.78,4.71,2.53,3.17
Charone Peake,WR,2.62,1.84,-1.07,6.3,1.08,2.48
Trevor Davis,WR,2.56,2.86,-3.15,8.28,2.23,1.48
Quan Bray,WR,2.29,1.83,-1.37,5.95,1.58,2.03
Ryan Grant,WR,2.28,2.01,-1.73,6.3,1.41,0.95
Pharoh Cooper,WR,2.18,1.89,-1.6,5.96,2.17,2.2
Aaron Burbridge,WR,2.09,2.6,-3.1,7.29,1.01,1.27
Cordarrelle Patterson,WR,2.09,1.76,-1.42,5.6,1.32,0.99
Leonte Carroo,WR,2.0,1.32,-0.64,4.63,1.39,2.1
Rashard Higgins,WR,1.95,1.44,-0.93,4.83,1.29,1.58
Jared Abbrederis,WR,1.95,0.89,0.16,3.73,1.7,2.28
Keshawn Martin,WR,1.91,2.83,-3.75,7.57,1.99,0.99
Griff Whalen,WR,1.91,1.33,-0.76,4.57,1.44,1.09
Aaron Dobson,WR,1.8,3.12,-4.44,8.04,7.2,0.0
Rod Streater,WR,1.74,1.06,-0.39,3.87,1.43,1.14
Dwayne Harris,WR,1.67,1.42,-1.17,4.52,1.66,1.0
Cecil Shorts,WR,1.66,1.31,-0.96,4.27,1.38,1.9
J.J. Nelson,WR,1.62,0.55,0.51,2.73,1.53,1.66
Josh Bellamy,WR,1.61,1.52,-1.44,4.65,1.0,0.95
James Wright,WR,1.5,1.16,-0.82,3.82,1.14,0.99
Taylor Gabriel,WR,1.42,1.61,-1.81,4.65,1.6,0.98
Justin Hunter,WR,1.37,1.13,-0.89,3.63,1.71,1.28
Deonte Thompson,WR,1.32,1.62,-1.91,4.55,0.48,0.01
Bradley Marquez,WR,1.28,1.0,-0.71,3.27,1.01,1.02
Chris Moore,WR,1.26,0.93,-0.59,3.12,0.82,1.12
Ty Montgomery,WR,1.1,0.87,-0.63,2.84,0.78,0.94
Lucky Whitehead,WR,0.89,0.97,-1.05,2.83,0.53,0.5
Russell Shepard,WR,0.8,0.82,-0.84,2.43,0.52,0.38
Nelson Spruce,WR,0.77,0.79,-0.81,2.36,1.53,0.65
Jerome Simpson,WR,0.59,0.83,-1.08,2.26,1.77,0.0
Jeff Janis,WR,0.54,0.57,-0.6,1.67,0.26,0.5
Kenbrell Thompkins,WR,0.51,0.73,-0.94,1.97,1.54,0.0
Jarius Wright,WR,0.48,0.66,-0.84,1.8,0.21,0.03
Brenton Bersin,WR,0.41,0.41,-0.41,1.24,0.82,0.39
Roger Lewis,WR,0.4,0.69,-0.99,1.79,1.6,0.0
Bryce Treggs,WR,0.38,0.65,-0.92,1.67,0.12,0.01
Jakeem Grant,WR,0.37,0.39,-0.4,1.15,0.73,0.3
Nick Williams,WR,0.37,0.52,-0.67,1.4,1.1,0.0
Jeremy Ross,WR,0.37,0.39,-0.41,1.14,0.5,0.2
Jeremy Butler,WR,0.34,0.58,-0.83,1.5,1.34,0.0
Jordan Payton,WR,0.33,0.34,-0.35,1.01,0.16,0.26
Rashad Ross,WR,0.32,0.32,-0.32,0.96,0.28,0.24
Keith Mumphery,WR,0.27,0.16,-0.06,0.59,0.31,0.37
Alex Erickson,WR,0.25,0.24,-0.24,0.73,0.24,0.19
Andre Caldwell,WR,0.24,0.48,-0.72,1.2,1.2,0.0
Devin Street,WR,0.18,0.3,-0.43,0.78,0.7,0.0
Cody Core,WR,0.17,0.29,-0.41,0.75,0.67,0.0
Brandon Tate,WR,0.16,0.15,-0.15,0.46,0.15,0.12
Devin Hester,WR,0.05,0.07,-0.1,0.19,0.06,0.02
Matt Slater,WR,0.03,0.05,-0.06,0.13,0.1,0.0
Eric Weems,WR,0.02,0.04,-0.05,0.1,0.03,0.01
Geremy Davis,WR,0.0,0.0,0.0,0.0,,0.0
James Jones,WR,0.0,0.0,0.0,0.0,,0.0
Nick Toon,WR,0.0,0.0,0.0,0.0,,0.0
Dwayne Bowe,WR,0.0,0.0,0.0,0.0,,0.0
Anthony Dable,WR,0.0,0.0,0.0,0.0,,0.0
Chris Givens,WR,0.0,0.0,0.0,0.0,,0.0
Jonathan Krause,WR,0.0,0.0,0.0,0.0,,0.0
Kenny Bell,WR,0.0,0.0,0.0,0.0,,0.0
T.J. Jones,WR,0.0,0.0,0.0,0.0,,0.0
Vincent Brown,WR,0.0,0.0,0.0,0.0,,0.0
Evan Spencer,WR,0.0,0.0,0.0,0.0,,0.0
Brittan Golden,WR,0.0,0.0,0.0,0.0,,0.0
Kain Colter,WR,0.0,0.0,0.0,0.0,,0.0
Vince Mayle,WR,0.0,0.0,0.0,0.0,,0.0
Marlon Brown,WR,0.0,0.0,0.0,0.0,,0.0
Corey Washington,WR,0.0,0.0,0.0,0.0,,0.0
Darius Jennings,WR,0.0,0.0,0.0,0.0,,0.0
Chris Harper,WR,0.0,0.0,0.0,0.0,,0.0
Rueben Randle,WR,0.0,0.0,0.0,0.0,,0.0
Riley Cooper,WR,0.0,0.0,0.0,0.0,,0.0
